Input.wordnet_id,Input.class_index,Input.feature_index,Input.feature_rank,Answer.main
n01484850,2,227,4,0
n01484850,2,686,5,0
n01484850,2,1697,2,1
n01484850,2,1823,3,0
n01484850,2,2034,1,0
n01491361,3,686,1,0
n01491361,3,905,4,0
n01491361,3,981,5,1
n01491361,3,1697,2,1
n01491361,3,1823,3,0
n01494475,4,227,4,0
n01494475,4,686,2,0
n01494475,4,905,5,0
n01494475,4,981,3,1
n01494475,4,1697,1,1
n01496331,5,227,2,0
n01496331,5,310,1,0
n01496331,5,564,4,1
n01496331,5,981,3,1
n01496331,5,1827,5,0
n01498041,6,227,2,0
n01498041,6,310,4,0
n01498041,6,491,5,1
n01498041,6,564,3,1
n01498041,6,847,1,1
n01518878,9,63,5,1
n01518878,9,569,1,0
n01518878,9,1236,3,0
n01518878,9,1830,2,0
n01518878,9,1964,4,0
n01530575,10,371,3,1
n01530575,10,457,4,0
n01530575,10,660,2,0
n01530575,10,1468,5,0
n01530575,10,1780,1,0
n01532829,12,371,5,1
n01532829,12,660,2,0
n01532829,12,957,4,0
n01532829,12,1667,3,0
n01532829,12,1780,1,0
n01534433,13,371,4,1
n01534433,13,422,3,0
n01534433,13,660,2,0
n01534433,13,1541,5,1
n01534433,13,1780,1,0
n01560419,16,422,3,0
n01560419,16,660,1,1
n01560419,16,762,4,0
n01560419,16,1541,5,1
n01560419,16,1780,2,0
n01601694,20,44,4,0
n01601694,20,422,1,0
n01601694,20,535,3,1
n01601694,20,820,2,1
n01601694,20,1500,5,0
n01630670,26,71,3,1
n01630670,26,326,4,0
n01630670,26,1337,1,0
n01630670,26,1428,2,0
n01630670,26,1949,5,0
n01664065,33,227,4,0
n01664065,33,430,1,0
n01664065,33,491,3,1
n01664065,33,981,2,1
n01664065,33,1697,5,1
n01665541,34,430,5,0
n01665541,34,575,3,1
n01665541,34,612,2,1
n01665541,34,802,1,0
n01665541,34,996,4,0
n01669191,37,430,1,0
n01669191,37,600,2,0
n01669191,37,626,4,0
n01669191,37,880,5,1
n01669191,37,1014,3,0
n01682714,40,326,1,0
n01682714,40,788,3,0
n01682714,40,917,2,0
n01682714,40,1101,4,0
n01682714,40,1556,5,1
n01685808,41,90,5,0
n01685808,41,326,3,0
n01685808,41,880,2,1
n01685808,41,917,1,0
n01685808,41,1949,4,0
n01687978,42,326,1,0
n01687978,42,504,4,0
n01687978,42,523,3,0
n01687978,42,917,2,0
n01687978,42,1556,5,1
n01698640,50,285,3,0
n01698640,50,341,5,1
n01698640,50,802,1,0
n01698640,50,984,2,0
n01698640,50,1381,4,0
n01737021,58,143,3,0
n01737021,58,227,5,0
n01737021,58,341,2,1
n01737021,58,901,1,0
n01737021,58,944,4,0
n01751748,65,363,1,0
n01751748,65,901,2,0
n01751748,65,981,3,1
n01751748,65,1473,4,0
n01751748,65,1869,5,0
n01795545,80,163,2,1
n01795545,80,317,5,0
n01795545,80,565,1,0
n01795545,80,1236,4,0
n01795545,80,1964,3,0
n01796340,81,317,1,0
n01796340,81,820,3,1
n01796340,81,1236,4,0
n01796340,81,1297,5,0
n01796340,81,2021,2,0
n01798484,83,163,3,1
n01798484,83,565,1,1
n01798484,83,896,5,1
n01798484,83,1123,4,1
n01798484,83,1297,2,0
n01806567,85,618,4,0
n01806567,85,660,5,1
n01806567,85,1297,3,0
n01806567,85,1702,2,0
n01806567,85,1942,1,0
n01824575,91,86,4,0
n01824575,91,170,1,0
n01824575,91,428,2,0
n01824575,91,614,5,1
n01824575,91,748,3,0
n01833805,94,422,4,0
n01833805,94,428,3,0
n01833805,94,660,2,0
n01833805,94,1084,5,1
n01833805,94,1912,1,0
n01843065,95,86,1,0
n01843065,95,660,3,0
n01843065,95,736,4,0
n01843065,95,1339,2,0
n01843065,95,1556,5,1
n01847000,97,341,4,1
n01847000,97,736,5,0
n01847000,97,925,3,1
n01847000,97,1113,1,0
n01847000,97,1339,2,0
n01855032,98,341,5,1
n01855032,98,925,1,1
n01855032,98,1113,2,0
n01855032,98,1173,3,0
n01855032,98,1339,4,0
n01855672,99,569,2,0
n01855672,99,613,5,0
n01855672,99,925,3,1
n01855672,99,1113,1,0
n01855672,99,1395,4,0
n01860187,100,569,4,0
n01860187,100,613,5,0
n01860187,100,925,3,1
n01860187,100,1113,1,0
n01860187,100,1395,2,0
n01871265,101,165,2,0
n01871265,101,513,4,1
n01871265,101,814,3,0
n01871265,101,980,1,0
n01871265,101,1461,5,0
n01873310,103,227,5,0
n01873310,103,341,3,1
n01873310,103,423,4,0
n01873310,103,564,1,0
n01873310,103,1857,2,1
n01910747,107,195,2,0
n01910747,107,205,5,0
n01910747,107,981,4,0
n01910747,107,999,3,0
n01910747,107,1406,1,1
n01945685,114,732,5,0
n01945685,114,1147,4,0
n01945685,114,1390,2,0
n01945685,114,1428,1,0
n01945685,114,1475,3,1
n01955084,116,177,1,0
n01955084,116,868,2,0
n01955084,116,944,3,0
n01955084,116,1431,5,1
n01955084,116,1753,4,1
n01978455,119,74,5,0
n01978455,119,433,4,1
n01978455,119,944,3,0
n01978455,119,952,1,0
n01978455,119,1650,2,0
n01980166,120,413,5,0
n01980166,120,433,4,1
n01980166,120,870,2,1
n01980166,120,944,3,0
n01980166,120,952,1,0
n01983481,122,725,5,0
n01983481,122,952,1,0
n01983481,122,1650,4,0
n01983481,122,1729,2,0
n01983481,122,2025,3,1
n02009229,131,81,3,0
n02009229,131,422,2,0
n02009229,131,613,1,0
n02009229,131,925,4,1
n02009229,131,1975,5,0
n02009912,132,613,2,0
n02009912,132,675,1,0
n02009912,132,925,5,1
n02009912,132,1171,3,0
n02009912,132,1975,4,0
n02011460,133,614,4,1
n02011460,133,957,2,0
n02011460,133,1500,1,0
n02011460,133,1556,5,1
n02011460,133,1689,3,0
n02013706,135,374,2,0
n02013706,135,601,4,0
n02013706,135,613,3,0
n02013706,135,925,5,1
n02013706,135,1297,1,0
n02018207,137,44,4,0
n02018207,137,341,3,1
n02018207,137,422,5,0
n02018207,137,925,2,1
n02018207,137,1113,1,0
n02018795,138,126,4,0
n02018795,138,565,1,1
n02018795,138,569,2,0
n02018795,138,1297,3,0
n02018795,138,1830,5,0
n02025239,139,517,5,0
n02025239,139,585,2,0
n02025239,139,618,1,0
n02025239,139,1468,4,1
n02025239,139,1500,3,0
n02027492,140,618,4,0
n02027492,140,925,1,1
n02027492,140,1203,2,0
n02027492,140,1468,5,1
n02027492,140,1500,3,0
n02033041,142,427,3,0
n02033041,142,925,1,1
n02033041,142,957,4,0
n02033041,142,1468,5,1
n02033041,142,1500,2,0
n02037110,143,613,5,0
n02037110,143,618,4,0
n02037110,143,886,1,0
n02037110,143,925,2,0
n02037110,143,1468,3,1
n02058221,146,551,2,0
n02058221,146,1113,1,0
n02058221,146,1661,5,0
n02058221,146,1697,4,1
n02058221,146,2034,3,0
n02066245,147,249,4,1
n02066245,147,1697,2,1
n02066245,147,2006,3,0
n02066245,147,2012,5,0
n02066245,147,2034,1,0
n02074367,149,564,1,0
n02074367,149,905,3,0
n02074367,149,981,4,1
n02074367,149,1230,2,1
n02074367,149,1697,5,1
n02077923,150,490,3,0
n02077923,150,491,2,1
n02077923,150,838,1,0
n02077923,150,1009,4,0
n02077923,150,1399,5,0
n02088094,160,333,3,0
n02088094,160,1059,1,0
n02088094,160,1143,2,0
n02088094,160,1395,5,0
n02088094,160,1856,4,1
n02090622,169,6,3,0
n02090622,169,103,2,0
n02090622,169,829,1,0
n02090622,169,1856,4,1
n02090622,169,1938,5,0
n02091831,176,103,1,0
n02091831,176,829,5,0
n02091831,176,1272,4,0
n02091831,176,1558,3,0
n02091831,176,1856,2,1
n02096294,193,66,4,1
n02096294,193,483,5,0
n02096294,193,684,3,0
n02096294,193,1059,1,0
n02096294,193,2033,2,0
n02097130,197,34,3,0
n02097130,197,267,5,0
n02097130,197,271,1,0
n02097130,197,1059,2,0
n02097130,197,1634,4,1
n02098105,202,87,5,1
n02098105,202,151,2,0
n02098105,202,267,3,0
n02098105,202,1059,1,0
n02098105,202,1745,4,0
n02098286,203,66,3,1
n02098286,203,80,5,0
n02098286,203,151,1,0
n02098286,203,1059,2,0
n02098286,203,1272,4,0
n02099849,209,66,3,1
n02099849,209,976,4,0
n02099849,209,1109,2,0
n02099849,209,1139,1,0
n02099849,209,1634,5,1
n02100236,210,578,1,0
n02100236,210,747,3,0
n02100236,210,1272,4,0
n02100236,210,1634,2,0
n02100236,210,1856,5,1
n02104365,223,34,2,0
n02104365,223,271,1,0
n02104365,223,704,5,1
n02104365,223,1065,3,0
n02104365,223,1584,4,0
n02107142,236,220,3,0
n02107142,236,747,4,0
n02107142,236,1313,2,0
n02107142,236,1385,1,0
n02107142,236,1634,5,1
n02108089,242,3,4,0
n02108089,242,303,1,0
n02108089,242,404,3,0
n02108089,242,1634,5,1
n02108089,242,1708,2,0
n02109047,246,3,2,0
n02109047,246,103,1,0
n02109047,246,747,5,0
n02109047,246,1634,3,1
n02109047,246,1708,4,0
n02111129,255,32,4,1
n02111129,255,148,3,0
n02111129,255,303,2,0
n02111129,255,1065,1,0
n02111129,255,2033,5,0
n02113186,264,347,4,0
n02113186,264,793,1,0
n02113186,264,1065,3,0
n02113186,264,1558,5,1
n02113186,264,2003,2,0
n02114548,270,6,5,0
n02114548,270,151,3,0
n02114548,270,1065,2,0
n02114548,270,1401,1,1
n02114548,270,2004,4,0
n02117135,276,65,1,0
n02117135,276,513,4,1
n02117135,276,741,3,0
n02117135,276,1065,2,0
n02117135,276,1935,5,0
n02125311,286,309,1,0
n02125311,286,754,2,0
n02125311,286,884,5,0
n02125311,286,1065,4,0
n02125311,286,1401,3,1
n02134418,297,44,4,0
n02134418,297,271,3,0
n02134418,297,490,2,1
n02134418,297,1152,5,0
n02134418,297,1584,1,0
n02167151,302,1247,4,0
n02167151,302,1326,5,1
n02167151,302,1390,3,0
n02167151,302,1941,1,0
n02167151,302,1954,2,0
n02168699,303,871,5,1
n02168699,303,1390,3,0
n02168699,303,1797,4,0
n02168699,303,1941,1,0
n02168699,303,1954,2,0
n02169497,304,336,3,0
n02169497,304,1390,2,0
n02169497,304,1556,5,0
n02169497,304,1941,1,0
n02169497,304,1994,4,1
n02172182,305,880,3,1
n02172182,305,1247,4,0
n02172182,305,1326,2,0
n02172182,305,1581,5,1
n02172182,305,1941,1,0
n02174001,306,1247,2,0
n02174001,306,1326,3,0
n02174001,306,1390,4,0
n02174001,306,1581,5,1
n02174001,306,1941,1,0
n02190166,308,402,4,0
n02190166,308,1390,2,0
n02190166,308,1797,5,1
n02190166,308,1828,3,0
n02190166,308,1941,1,0
n02206856,309,595,1,1
n02206856,309,1390,3,1
n02206856,309,1797,2,1
n02206856,309,1799,5,1
n02206856,309,1941,4,0
n02219486,310,1390,1,0
n02219486,310,1645,4,0
n02219486,310,1797,5,1
n02219486,310,1941,2,0
n02219486,310,1954,3,0
n02226429,311,563,4,0
n02226429,311,1101,1,0
n02226429,311,1390,2,0
n02226429,311,1556,5,1
n02226429,311,1797,3,1
n02229544,312,563,4,0
n02229544,312,1101,1,0
n02229544,312,1390,3,0
n02229544,312,1797,5,1
n02229544,312,1954,2,0
n02259212,317,21,1,0
n02259212,317,563,5,0
n02259212,317,971,4,1
n02259212,317,1101,3,0
n02259212,317,1390,2,1
n02268443,319,402,1,0
n02268443,319,754,3,0
n02268443,319,1178,4,0
n02268443,319,1390,5,0
n02268443,319,1797,2,1
n02268853,320,402,1,0
n02268853,320,994,4,0
n02268853,320,1556,5,1
n02268853,320,1797,3,1
n02268853,320,1928,2,0
n02276258,321,413,2,0
n02276258,321,754,3,0
n02276258,321,1234,5,0
n02276258,321,1565,1,0
n02276258,321,1797,4,1
n02277742,322,1305,2,0
n02277742,322,1390,4,0
n02277742,322,1556,3,1
n02277742,322,1565,1,0
n02277742,322,1797,5,1
n02279972,323,320,3,0
n02279972,323,595,4,1
n02279972,323,754,2,0
n02279972,323,1565,1,0
n02279972,323,1950,5,0
n02280649,324,595,3,1
n02280649,324,604,1,0
n02280649,324,754,5,0
n02280649,324,1305,2,0
n02280649,324,1797,4,1
n02281406,325,595,4,1
n02281406,325,604,2,0
n02281406,325,1305,1,0
n02281406,325,1582,5,0
n02281406,325,1797,3,1
n02281787,326,1041,4,0
n02281787,326,1305,1,0
n02281787,326,1390,5,1
n02281787,326,1565,2,0
n02281787,326,1797,3,0
n02321529,329,403,4,0
n02321529,329,564,5,1
n02321529,329,1147,2,0
n02321529,329,1753,1,1
n02321529,329,2011,3,1
n02356798,335,19,5,0
n02356798,335,65,1,0
n02356798,335,371,2,1
n02356798,335,701,3,0
n02356798,335,1471,4,0
n02361337,336,65,1,0
n02361337,336,85,4,0
n02361337,336,389,2,1
n02361337,336,781,5,0
n02361337,336,820,3,1
n02363005,337,85,1,0
n02363005,337,252,3,0
n02363005,337,341,4,1
n02363005,337,925,2,1
n02363005,337,1857,5,1
n02364673,338,85,1,0
n02364673,338,429,4,0
n02364673,338,789,5,1
n02364673,338,857,3,0
n02364673,338,1516,2,0
n02389026,339,63,3,1
n02389026,339,230,5,1
n02389026,339,541,4,0
n02389026,339,1526,2,0
n02389026,339,1911,1,0
n02398521,344,285,3,0
n02398521,344,535,5,0
n02398521,344,925,1,1
n02398521,344,960,4,0
n02398521,344,980,2,0
n02403003,345,63,2,1
n02403003,345,503,5,0
n02403003,345,814,3,0
n02403003,345,1526,1,0
n02403003,345,1641,4,0
n02408429,346,63,3,1
n02408429,346,714,4,0
n02408429,346,980,2,0
n02408429,346,1127,5,1
n02408429,346,1526,1,0
n02417914,350,389,4,1
n02417914,350,462,2,0
n02417914,350,820,5,1
n02417914,350,1207,1,0
n02417914,350,1526,3,0
n02422106,351,462,3,0
n02422106,351,565,5,1
n02422106,351,1207,1,0
n02422106,351,1526,4,0
n02422106,351,1533,2,0
n02423022,353,775,4,0
n02423022,353,918,3,0
n02423022,353,1207,1,0
n02423022,353,1533,2,0
n02423022,353,2042,5,1
n02437312,354,150,5,1
n02437312,354,781,4,0
n02437312,354,959,3,0
n02437312,354,1526,1,0
n02437312,354,2042,2,0
n02437616,355,63,5,1
n02437616,355,127,3,0
n02437616,355,319,2,0
n02437616,355,569,1,0
n02437616,355,1526,4,0
n02442845,357,85,1,0
n02442845,357,170,5,0
n02442845,357,285,4,1
n02442845,357,1641,3,0
n02442845,357,1681,2,0
n02444819,360,65,4,0
n02444819,360,85,1,0
n02444819,360,252,3,0
n02444819,360,285,5,0
n02444819,360,925,2,1
n02457408,364,49,2,1
n02457408,364,501,4,0
n02457408,364,1109,3,0
n02457408,364,1120,1,1
n02457408,364,1199,5,1
n02480855,366,490,2,0
n02480855,366,665,5,1
n02480855,366,797,4,0
n02480855,366,960,3,0
n02480855,366,1317,1,0
n02483708,369,49,5,1
n02483708,369,271,3,0
n02483708,369,490,4,0
n02483708,369,1317,2,0
n02483708,369,1584,1,0
n02484975,370,49,5,0
n02484975,370,65,3,0
n02484975,370,941,2,0
n02484975,370,1317,1,0
n02484975,370,1541,4,1
n02488702,375,245,5,0
n02488702,375,941,3,0
n02488702,375,1120,4,1
n02488702,375,1588,2,0
n02488702,375,1637,1,0
n02489166,376,49,4,1
n02489166,376,334,1,0
n02489166,376,1120,3,1
n02489166,376,1317,2,0
n02489166,376,1911,5,0
n02490219,377,429,4,0
n02490219,377,1003,3,0
n02490219,377,1541,2,1
n02490219,377,1556,5,1
n02490219,377,1989,1,0
n02492035,378,821,2,0
n02492035,378,1009,4,0
n02492035,378,1120,1,1
n02492035,378,1591,3,0
n02492035,378,1989,5,0
n02492660,379,49,3,1
n02492660,379,912,5,1
n02492660,379,1120,1,1
n02492660,379,1414,2,1
n02492660,379,1541,4,1
n02493509,380,1003,2,0
n02493509,380,1120,3,1
n02493509,380,1317,1,0
n02493509,380,1541,5,1
n02493509,380,1989,4,0
n02493793,381,49,4,1
n02493793,381,490,5,0
n02493793,381,798,2,1
n02493793,381,1120,3,1
n02493793,381,1317,1,0
n02497673,383,65,4,0
n02497673,383,363,2,0
n02497673,383,1176,1,0
n02497673,383,1234,3,0
n02497673,383,1541,5,1
n02500267,384,813,3,0
n02500267,384,912,4,1
n02500267,384,1085,5,0
n02500267,384,1120,1,1
n02500267,384,1414,2,1
n02504458,386,165,3,0
n02504458,386,814,2,0
n02504458,386,977,5,0
n02504458,386,980,1,0
n02504458,386,995,4,1
n02509815,387,748,1,0
n02509815,387,1422,3,0
n02509815,387,1430,2,0
n02509815,387,1541,5,1
n02509815,387,1584,4,0
n02514041,389,59,2,0
n02514041,389,227,4,0
n02514041,389,449,3,0
n02514041,389,686,1,0
n02514041,389,778,5,1
n02526121,390,227,5,0
n02526121,390,944,3,0
n02526121,390,981,2,1
n02526121,390,1753,1,1
n02526121,390,2011,4,1
n02536864,391,59,3,0
n02536864,391,227,4,0
n02536864,391,449,1,0
n02536864,391,686,2,0
n02536864,391,1365,5,1
n02606052,392,981,4,1
n02606052,392,1066,5,0
n02606052,392,1348,1,0
n02606052,392,1753,2,1
n02606052,392,1814,3,0
n02640242,394,59,4,0
n02640242,394,227,2,0
n02640242,394,449,3,0
n02640242,394,686,1,0
n02640242,394,778,5,1
n02655020,397,227,5,0
n02655020,397,564,4,1
n02655020,397,597,2,0
n02655020,397,944,1,0
n02655020,397,981,3,1
n02666196,398,187,2,0
n02666196,398,275,1,1
n02666196,398,510,3,0
n02666196,398,1610,4,0
n02666196,398,1690,5,0
n02669723,400,264,3,0
n02669723,400,379,4,0
n02669723,400,580,1,1
n02669723,400,1125,2,0
n02669723,400,1281,5,0
n02687172,403,607,1,0
n02687172,403,929,4,0
n02687172,403,961,3,1
n02687172,403,1104,2,0
n02687172,403,1163,5,0
n02692877,405,21,2,0
n02692877,405,202,4,1
n02692877,405,314,3,0
n02692877,405,894,5,0
n02692877,405,1481,1,0
n02727426,410,529,1,0
n02727426,410,783,4,0
n02727426,410,968,2,0
n02727426,410,1263,5,1
n02727426,410,1849,3,1
n02777292,416,132,5,1
n02777292,416,839,2,1
n02777292,416,852,4,1
n02777292,416,1002,1,1
n02777292,416,1535,3,1
n02786058,419,102,2,0
n02786058,419,123,1,1
n02786058,419,447,4,1
n02786058,419,1164,5,0
n02786058,419,1853,3,0
n02788148,421,35,1,0
n02788148,421,209,4,1
n02788148,421,231,2,0
n02788148,421,1440,5,0
n02788148,421,1953,3,1
n02790996,422,78,1,0
n02790996,422,235,3,0
n02790996,422,1043,2,0
n02790996,422,1417,5,1
n02790996,422,1796,4,1
n02791270,424,202,4,1
n02791270,424,466,3,0
n02791270,424,1046,5,0
n02791270,424,1418,1,0
n02791270,424,1990,2,0
n02797295,428,156,3,0
n02797295,428,1484,5,0
n02797295,428,1503,2,0
n02797295,428,1633,1,0
n02797295,428,1829,4,1
n02802426,430,352,3,1
n02802426,430,537,4,1
n02802426,430,839,1,1
n02802426,430,989,5,1
n02802426,430,1951,2,0
n02804414,431,46,1,0
n02804414,431,141,3,1
n02804414,431,353,4,1
n02804414,431,683,5,0
n02804414,431,1612,2,1
n02804610,432,640,2,0
n02804610,432,1292,5,0
n02804610,432,1318,1,0
n02804610,432,1361,3,0
n02804610,432,1932,4,1
n02807133,433,121,3,1
n02807133,433,755,4,1
n02807133,433,1340,2,1
n02807133,433,1591,5,1
n02807133,433,1609,1,1
n02808304,434,108,4,1
n02808304,434,141,1,1
n02808304,434,967,2,0
n02808304,434,1049,3,1
n02808304,434,1379,5,0
n02817516,439,77,2,0
n02817516,439,278,3,1
n02817516,439,580,1,1
n02817516,439,619,5,1
n02817516,439,755,4,1
n02835271,444,191,2,1
n02835271,444,348,1,0
n02835271,444,757,3,0
n02835271,444,1274,5,1
n02835271,444,1876,4,0
n02837789,445,202,5,0
n02837789,445,940,4,0
n02837789,445,989,2,0
n02837789,445,1340,1,0
n02837789,445,1535,3,1
n02859443,449,76,3,1
n02859443,449,421,5,1
n02859443,449,516,1,1
n02859443,449,1036,4,1
n02859443,449,1742,2,0
n02869837,452,40,5,0
n02869837,452,108,4,1
n02869837,452,627,3,0
n02869837,452,1609,1,1
n02869837,452,1922,2,1
n02870880,453,311,5,0
n02870880,453,1072,4,1
n02870880,453,1347,1,0
n02870880,453,1644,3,0
n02870880,453,1883,2,0
n02879718,456,566,4,1
n02879718,456,992,1,0
n02879718,456,1213,2,0
n02879718,456,1434,5,1
n02879718,456,1773,3,0
n02892767,459,740,4,0
n02892767,459,792,2,0
n02892767,459,945,3,0
n02892767,459,1302,5,0
n02892767,459,1340,1,1
n02894605,460,76,2,1
n02894605,460,421,1,1
n02894605,460,961,4,1
n02894605,460,1140,3,1
n02894605,460,1752,5,0
n02917067,466,56,1,1
n02917067,466,499,4,0
n02917067,466,680,3,0
n02917067,466,831,2,0
n02917067,466,1415,5,0
n02930766,468,691,1,0
n02930766,468,864,5,0
n02930766,468,1026,2,1
n02930766,468,1515,3,0
n02930766,468,1538,4,0
n02948072,470,380,1,0
n02948072,470,858,5,0
n02948072,470,1287,3,1
n02948072,470,1743,4,0
n02948072,470,1986,2,0
n02951358,472,435,5,1
n02951358,472,516,2,1
n02951358,472,1325,3,1
n02951358,472,1346,1,0
n02951358,472,1413,4,0
n02951585,473,118,2,1
n02951585,473,515,5,0
n02951585,473,750,1,0
n02951585,473,833,4,1
n02951585,473,891,3,0
n02974003,479,238,2,0
n02974003,479,465,1,0
n02974003,479,691,5,1
n02974003,479,1067,3,0
n02974003,479,1607,4,0
n02981792,484,89,2,0
n02981792,484,305,1,0
n02981792,484,961,3,1
n02981792,484,1346,5,0
n02981792,484,1536,4,0
n03000684,491,713,2,0
n03000684,491,1066,5,0
n03000684,491,1274,4,1
n03000684,491,1352,1,0
n03000684,491,1734,3,0
n03095699,510,560,1,0
n03095699,510,913,2,1
n03095699,510,1018,5,0
n03095699,510,1134,4,0
n03095699,510,1536,3,0
n03124170,515,77,2,0
n03124170,515,108,4,1
n03124170,515,140,3,0
n03124170,515,1298,1,0
n03124170,515,1705,5,1
n03127747,518,77,1,0
n03127747,518,552,5,0
n03127747,518,637,3,0
n03127747,518,1609,2,1
n03127747,518,1769,4,0
n03131574,520,5,5,0
n03131574,520,46,2,0
n03131574,520,624,4,0
n03131574,520,1612,3,1
n03131574,520,1706,1,0
n03133878,521,9,3,0
n03133878,521,91,4,0
n03133878,521,98,5,0
n03133878,521,895,1,1
n03133878,521,1632,2,0
n03134739,522,32,5,1
n03134739,522,693,2,0
n03134739,522,1050,3,1
n03134739,522,1397,1,0
n03134739,522,1856,4,1
n03141823,523,302,2,0
n03141823,523,992,4,0
n03141823,523,1254,3,0
n03141823,523,1260,1,0
n03141823,523,1501,5,1
n03160309,525,199,2,0
n03160309,525,764,3,0
n03160309,525,832,5,0
n03160309,525,1140,1,1
n03160309,525,1926,4,0
n03179701,526,2,4,1
n03179701,526,437,5,0
n03179701,526,951,3,0
n03179701,526,1670,2,0
n03179701,526,1832,1,1
n03180011,527,253,2,0
n03180011,527,489,5,0
n03180011,527,951,4,1
n03180011,527,1670,3,1
n03180011,527,1832,1,0
n03188531,529,141,2,1
n03188531,529,1308,4,1
n03188531,529,1340,1,1
n03188531,529,1568,3,1
n03188531,529,1612,5,0
n03201208,532,2,5,1
n03201208,532,176,1,1
n03201208,532,437,2,0
n03201208,532,616,4,1
n03201208,532,1633,3,1
n03207941,534,105,2,0
n03207941,534,659,4,0
n03207941,534,1080,1,0
n03207941,534,1291,3,1
n03207941,534,1925,5,0
n03216828,536,76,4,1
n03216828,536,89,3,1
n03216828,536,516,2,1
n03216828,536,1140,5,0
n03216828,536,1536,1,1
n03218198,537,0,5,1
n03218198,537,127,4,1
n03218198,537,161,2,1
n03218198,537,417,1,1
n03218198,537,1959,3,1
n03223299,539,441,3,0
n03223299,539,487,1,0
n03223299,539,1567,4,1
n03223299,539,1890,2,0
n03223299,539,1899,5,0
n03240683,540,560,1,0
n03240683,540,607,2,0
n03240683,540,929,5,0
n03240683,540,961,4,1
n03240683,540,1112,3,0
n03250847,542,507,1,0
n03250847,542,1052,2,0
n03250847,542,1165,5,1
n03250847,542,1260,3,0
n03250847,542,1680,4,0
n03259280,544,9,4,0
n03259280,544,288,3,0
n03259280,544,650,1,0
n03259280,544,895,2,1
n03259280,544,1632,5,0
n03271574,545,247,5,1
n03271574,545,351,2,0
n03271574,545,907,1,0
n03271574,545,1079,4,0
n03271574,545,1213,3,0
n03272562,547,56,1,0
n03272562,547,1134,2,0
n03272562,547,1210,3,0
n03272562,547,1527,5,1
n03272562,547,1877,4,0
n03290653,548,253,1,0
n03290653,548,779,2,0
n03290653,548,1131,5,1
n03290653,548,1151,4,0
n03290653,548,1347,3,0
n03344393,554,579,1,1
n03344393,554,961,4,0
n03344393,554,1536,2,0
n03344393,554,1855,5,1
n03344393,554,2010,3,1
n03355925,557,526,2,1
n03355925,557,1177,1,0
n03355925,557,1354,3,1
n03355925,557,1808,5,1
n03355925,557,1895,4,1
n03388043,562,261,2,0
n03388043,562,579,1,0
n03388043,562,715,5,1
n03388043,562,1520,3,0
n03388043,562,2010,4,0
n03400231,567,9,3,0
n03400231,567,650,1,0
n03400231,567,895,2,1
n03400231,567,1345,5,1
n03400231,567,2000,4,1
n03444034,573,834,4,0
n03444034,573,1325,5,0
n03444034,573,1464,2,0
n03444034,573,1485,3,1
n03444034,573,1888,1,1
n03445924,575,882,1,1
n03445924,575,1067,4,0
n03445924,575,1118,3,0
n03445924,575,1325,5,0
n03445924,575,1464,2,0
n03447447,576,362,1,0
n03447447,576,481,3,1
n03447447,576,519,5,0
n03447447,576,808,4,0
n03447447,576,1772,2,1
n03450230,578,266,4,1
n03450230,578,830,1,0
n03450230,578,1340,2,0
n03450230,578,1629,5,0
n03450230,578,1807,3,0
n03457902,580,798,5,0
n03457902,580,1368,4,0
n03457902,580,1529,1,0
n03457902,580,1810,2,0
n03457902,580,1933,3,1
n03481172,587,507,1,0
n03481172,587,765,3,1
n03481172,587,1062,4,1
n03481172,587,1227,2,0
n03481172,587,1455,5,0
n03482405,588,834,4,1
n03482405,588,921,2,0
n03482405,588,1436,3,0
n03482405,588,1442,5,0
n03482405,588,1987,1,0
n03527444,597,765,5,1
n03527444,597,1185,1,0
n03527444,597,1543,2,0
n03527444,597,1665,4,0
n03527444,597,1695,3,0
n03529860,598,253,1,0
n03529860,598,391,4,1
n03529860,598,849,3,1
n03529860,598,1131,5,1
n03529860,598,1669,2,1
n03535780,602,132,3,1
n03535780,602,576,5,1
n03535780,602,839,4,1
n03535780,602,1002,1,1
n03535780,602,1692,2,1
n03538406,603,503,2,0
n03538406,603,1208,4,0
n03538406,603,1526,1,1
n03538406,603,1633,3,0
n03538406,603,1634,5,1
n03598930,611,201,1,0
n03598930,611,219,5,0
n03598930,611,1030,3,1
n03598930,611,1519,2,0
n03598930,611,1849,4,0
n03630383,617,394,4,1
n03630383,617,425,3,0
n03630383,617,1031,5,0
n03630383,617,1179,1,0
n03630383,617,2026,2,0
n03649909,621,864,4,0
n03649909,621,1050,2,1
n03649909,621,1067,5,0
n03649909,621,1415,3,0
n03649909,621,1464,1,0
n03666591,626,380,1,0
n03666591,626,1009,5,1
n03666591,626,1287,3,1
n03666591,626,1642,4,1
n03666591,626,1986,2,1
n03710637,638,591,4,1
n03710637,638,1153,3,1
n03710637,638,1340,1,0
n03710637,638,1535,2,1
n03710637,638,1821,5,0
n03710721,639,234,5,0
n03710721,639,491,3,1
n03710721,639,1269,4,0
n03710721,639,1340,1,0
n03710721,639,1535,2,1
n03717622,640,1323,2,0
n03717622,640,1398,5,0
n03717622,640,1632,3,0
n03717622,640,1755,4,1
n03717622,640,1914,1,0
n03721384,642,1149,3,0
n03721384,642,1244,1,0
n03721384,642,1274,5,1
n03721384,642,1359,2,0
n03721384,642,1932,4,1
n03729826,644,102,2,0
n03729826,644,507,3,0
n03729826,644,1642,5,1
n03729826,644,1824,1,0
n03729826,644,1986,4,1
n03733131,645,32,5,1
n03733131,645,755,1,1
n03733131,645,760,4,0
n03733131,645,1554,2,0
n03733131,645,1773,3,0
n03742115,648,592,5,0
n03742115,648,669,2,0
n03742115,648,1046,4,0
n03742115,648,1347,1,0
n03742115,648,1934,3,1
n03743016,649,137,1,0
n03743016,649,582,2,0
n03743016,649,632,4,0
n03743016,649,720,5,0
n03743016,649,1050,3,1
n03759954,650,1213,1,0
n03759954,650,1333,5,0
n03759954,650,1678,3,1
n03759954,650,1701,2,0
n03759954,650,1748,4,0
n03761084,651,9,2,0
n03761084,651,239,3,1
n03761084,651,1151,1,0
n03761084,651,1567,5,1
n03761084,651,1766,4,0
n03770439,655,276,4,1
n03770439,655,591,2,1
n03770439,655,1274,5,1
n03770439,655,1340,1,1
n03770439,655,1535,3,1
n03773504,657,961,3,1
n03773504,657,1318,4,0
n03773504,657,1481,1,0
n03773504,657,1606,2,0
n03773504,657,1615,5,0
n03776460,660,194,1,0
n03776460,660,451,2,1
n03776460,660,584,3,0
n03776460,660,1656,4,1
n03776460,660,1909,5,0
n03782006,664,253,1,0
n03782006,664,951,3,1
n03782006,664,1670,4,1
n03782006,664,1832,2,0
n03782006,664,1848,5,0
n03787032,667,200,2,0
n03787032,667,580,1,1
n03787032,667,609,3,0
n03787032,667,755,5,0
n03787032,667,1125,4,1
n03788195,668,208,1,0
n03788195,668,939,2,0
n03788195,668,1014,3,0
n03788195,668,1512,4,0
n03788195,668,1980,5,1
n03788365,669,477,5,0
n03788365,669,1528,1,0
n03788365,669,1562,3,1
n03788365,669,1612,2,1
n03788365,669,1725,4,0
n03792972,672,150,3,1
n03792972,672,477,1,0
n03792972,672,649,4,0
n03792972,672,1239,5,1
n03792972,672,1959,2,1
n03793489,673,648,4,0
n03793489,673,1330,5,0
n03793489,673,1670,2,0
n03793489,673,1713,3,0
n03793489,673,1832,1,1
n03794056,674,197,2,0
n03794056,674,1156,1,0
n03794056,674,1193,5,0
n03794056,674,1369,4,1
n03794056,674,1690,3,0
n03803284,676,637,2,0
n03803284,676,1311,5,0
n03803284,676,1634,4,1
n03803284,676,1729,3,0
n03803284,676,1897,1,0
n03804744,677,768,5,0
n03804744,677,1062,3,0
n03804744,677,1635,2,0
n03804744,677,1654,1,0
n03804744,677,1747,4,1
n03873416,693,362,5,1
n03873416,693,435,4,1
n03873416,693,516,2,1
n03873416,693,1325,1,1
n03873416,693,1346,3,0
n03874599,695,128,4,1
n03874599,695,1198,1,0
n03874599,695,1229,3,1
n03874599,695,1567,5,1
n03874599,695,1635,2,1
n03877472,697,1150,2,0
n03877472,697,1355,3,0
n03877472,697,1472,4,1
n03877472,697,1653,1,0
n03877472,697,1935,5,0
n03888257,701,370,5,0
n03888257,701,961,2,1
n03888257,701,1225,1,0
n03888257,701,1551,3,1
n03888257,701,1803,4,0
n03888605,702,132,3,0
n03888605,702,839,4,1
n03888605,702,1002,1,1
n03888605,702,1690,5,0
n03888605,702,1692,2,0
n03895866,705,35,5,0
n03895866,705,56,1,1
n03895866,705,1134,4,0
n03895866,705,1527,3,0
n03895866,705,1877,2,0
n03899768,706,194,3,1
n03899768,706,451,1,1
n03899768,706,654,2,1
n03899768,706,1016,4,1
n03899768,706,1633,5,1
n03908618,709,24,2,0
n03908618,709,801,5,1
n03908618,709,1355,3,0
n03908618,709,1799,4,0
n03908618,709,1929,1,0
n03930313,716,117,1,0
n03930313,716,595,4,1
n03930313,716,1295,5,0
n03930313,716,1706,2,0
n03930313,716,1722,3,0
n03933933,718,279,2,0
n03933933,718,421,4,1
n03933933,718,831,1,1
n03933933,718,1256,3,0
n03933933,718,1536,5,1
n03942813,722,352,2,1
n03942813,722,771,1,0
n03942813,722,789,5,1
n03942813,722,839,3,1
n03942813,722,1698,4,1
n03947888,724,89,1,0
n03947888,724,621,2,0
n03947888,724,1434,4,1
n03947888,724,1536,5,0
n03947888,724,1796,3,0
n03950228,725,355,3,0
n03950228,725,471,2,1
n03950228,725,1020,4,0
n03950228,725,1357,5,0
n03950228,725,1378,1,0
n03961711,729,715,5,0
n03961711,729,997,4,0
n03961711,729,1270,1,1
n03961711,729,1347,3,0
n03961711,729,1926,2,1
n03967562,730,63,3,1
n03967562,730,242,4,0
n03967562,730,503,2,0
n03967562,730,1208,1,0
n03967562,730,1812,5,1
n03976657,733,212,3,1
n03976657,733,213,1,0
n03976657,733,858,5,0
n03976657,733,1177,2,0
n03976657,733,1434,4,0
n03977966,734,420,5,0
n03977966,734,691,1,0
n03977966,734,1026,3,1
n03977966,734,1135,2,0
n03977966,734,1995,4,0
n03991062,738,288,3,0
n03991062,738,783,5,0
n03991062,738,1392,1,1
n03991062,738,1829,4,1
n03991062,738,1933,2,1
n03992509,739,189,4,1
n03992509,739,190,1,1
n03992509,739,432,3,1
n03992509,739,447,2,0
n03992509,739,673,5,1
n04008634,744,961,4,1
n04008634,744,1318,5,0
n04008634,744,1481,1,0
n04008634,744,1606,3,0
n04008634,744,1939,2,0
n04019541,746,210,2,1
n04019541,746,708,4,1
n04019541,746,811,5,1
n04019541,746,851,3,1
n04019541,746,871,1,1
n04023962,747,384,3,0
n04023962,747,574,2,0
n04023962,747,1019,1,0
n04023962,747,1660,5,1
n04023962,747,1713,4,0
n04026417,748,486,2,0
n04026417,748,801,3,1
n04026417,748,1093,5,0
n04026417,748,1443,1,0
n04026417,748,1980,4,0
n04033995,750,531,2,0
n04033995,750,1131,3,1
n04033995,750,1389,5,0
n04033995,750,1562,1,0
n04033995,750,1612,4,0
n04037443,751,524,4,0
n04037443,751,836,2,0
n04037443,751,864,3,0
n04037443,751,1415,1,0
n04037443,751,1485,5,1
n04039381,752,352,1,0
n04039381,752,485,2,1
n04039381,752,863,4,1
n04039381,752,1213,3,0
n04039381,752,1230,5,1
n04041544,754,118,2,1
n04041544,754,773,3,0
n04041544,754,891,5,0
n04041544,754,1151,1,0
n04041544,754,1678,4,0
n04049303,756,288,1,0
n04049303,756,1209,5,0
n04049303,756,1636,4,0
n04049303,756,1829,2,1
n04049303,756,1902,3,0
n04111531,766,74,3,0
n04111531,766,753,1,1
n04111531,766,934,2,0
n04111531,766,1043,5,0
n04111531,766,1098,4,1
n04116512,767,102,4,0
n04116512,767,507,3,1
n04116512,767,1052,5,1
n04116512,767,1318,1,1
n04116512,767,1966,2,0
n04118538,768,32,3,1
n04118538,768,230,4,1
n04118538,768,537,5,1
n04118538,768,1698,2,1
n04118538,768,2002,1,0
n04125021,771,388,1,1
n04125021,771,441,2,0
n04125021,771,669,3,0
n04125021,771,1043,4,0
n04125021,771,1369,5,0
n04133789,774,648,2,0
n04133789,774,827,1,0
n04133789,774,1311,3,0
n04133789,774,1781,4,1
n04133789,774,2014,5,0
n04136333,775,167,3,0
n04136333,775,491,5,1
n04136333,775,967,4,0
n04136333,775,1150,2,0
n04136333,775,1340,1,1
n04141076,776,202,5,1
n04141076,776,640,1,0
n04141076,776,1104,3,0
n04141076,776,1361,4,0
n04141076,776,1784,2,0
n04147183,780,89,1,0
n04147183,780,305,4,0
n04147183,780,1329,2,0
n04147183,780,1536,3,1
n04147183,780,1796,5,0
n04152593,782,253,1,1
n04152593,782,441,3,1
n04152593,782,1151,4,0
n04152593,782,1595,5,0
n04152593,782,1832,2,0
n04162706,785,50,4,1
n04162706,785,108,2,1
n04162706,785,116,1,1
n04162706,785,1010,5,1
n04162706,785,1493,3,1
n04179913,786,197,4,0
n04179913,786,812,3,1
n04179913,786,888,5,0
n04179913,786,1717,1,0
n04179913,786,1834,2,0
n04208210,792,417,2,1
n04208210,792,507,1,0
n04208210,792,851,3,0
n04208210,792,953,5,0
n04208210,792,1177,4,0
n04209133,793,108,4,1
n04209133,793,1343,2,0
n04209133,793,1591,5,1
n04209133,793,1609,1,1
n04209133,793,1922,3,1
n04209239,794,246,2,0
n04209239,794,624,5,1
n04209239,794,1150,3,0
n04209239,794,1220,1,0
n04209239,794,1934,4,1
n04228054,795,101,5,1
n04228054,795,389,3,1
n04228054,795,417,1,1
n04228054,795,1620,2,1
n04228054,795,1959,4,1
n04235860,797,84,2,0
n04235860,797,118,5,1
n04235860,797,1049,4,1
n04235860,797,1668,1,0
n04235860,797,1908,3,0
n04251144,801,435,5,1
n04251144,801,491,2,1
n04251144,801,847,4,1
n04251144,801,1409,3,1
n04251144,801,2034,1,1
n04252077,802,0,5,1
n04252077,802,417,1,1
n04252077,802,1464,2,0
n04252077,802,1620,4,1
n04252077,802,1959,3,1
n04252225,803,417,1,0
n04252225,803,1067,3,0
n04252225,803,1208,2,0
n04252225,803,1211,5,0
n04252225,803,1623,4,1
n04254120,804,75,5,0
n04254120,804,654,3,0
n04254120,804,1682,2,0
n04254120,804,1934,4,1
n04254120,804,2021,1,0
n04254680,805,290,2,0
n04254680,805,1700,4,0
n04254680,805,1856,5,1
n04254680,805,1995,3,0
n04254680,805,2002,1,0
n04258138,807,351,3,0
n04258138,807,397,5,0
n04258138,807,1356,4,1
n04258138,807,1484,2,0
n04258138,807,1847,1,0
n04259630,808,108,4,1
n04259630,808,351,5,0
n04259630,808,894,3,0
n04259630,808,1298,1,0
n04259630,808,1705,2,0
n04263257,809,43,5,0
n04263257,809,98,1,0
n04263257,809,840,3,1
n04263257,809,895,2,1
n04263257,809,1296,4,1
n04264628,810,325,1,1
n04264628,810,387,3,1
n04264628,810,510,5,1
n04264628,810,1469,4,1
n04264628,810,1832,2,1
n04270147,813,107,3,0
n04270147,813,507,2,0
n04270147,813,750,1,0
n04270147,813,895,4,0
n04270147,813,2025,5,1
n04273569,814,76,5,1
n04273569,814,435,3,1
n04273569,814,1346,4,0
n04273569,814,1798,1,0
n04273569,814,1901,2,1
n04275548,815,268,2,0
n04275548,815,328,1,0
n04275548,815,509,4,1
n04275548,815,1080,5,0
n04275548,815,2047,3,0
n04286575,818,785,5,1
n04286575,818,1039,1,0
n04286575,818,1595,3,0
n04286575,818,1743,4,0
n04286575,818,1986,2,0
n04296562,819,512,5,1
n04296562,819,587,3,0
n04296562,819,863,1,0
n04296562,819,1746,4,1
n04296562,819,1986,2,0
n04317175,823,275,3,0
n04317175,823,486,2,1
n04317175,823,742,4,0
n04317175,823,1213,1,0
n04317175,823,1455,5,0
n04325704,824,425,3,1
n04325704,824,627,1,0
n04325704,824,1150,5,0
n04325704,824,1228,4,0
n04325704,824,1513,2,0
n04330267,827,934,4,0
n04330267,827,988,5,1
n04330267,827,1217,2,0
n04330267,827,1369,1,0
n04330267,827,1976,3,0
n04335435,829,56,3,1
n04335435,829,392,2,0
n04335435,829,585,1,0
n04335435,829,597,5,0
n04335435,829,1877,4,0
n04344873,831,1099,2,0
n04344873,831,1131,3,1
n04344873,831,1562,1,0
n04344873,831,1612,4,0
n04344873,831,1963,5,0
n04346328,832,36,5,1
n04346328,832,208,2,0
n04346328,832,1502,1,0
n04346328,832,1548,3,0
n04346328,832,1554,4,0
n04347754,833,145,2,0
n04347754,833,607,5,1
n04347754,833,1536,3,0
n04347754,833,1752,4,0
n04347754,833,2006,1,0
n04350905,834,250,1,1
n04350905,834,1108,5,0
n04350905,834,1125,3,1
n04350905,834,1242,2,1
n04350905,834,1266,4,0
n04355933,836,108,3,1
n04355933,836,312,5,0
n04355933,836,537,4,1
n04355933,836,824,1,0
n04355933,836,1651,2,0
n04356056,837,108,3,1
n04356056,837,333,5,1
n04356056,837,425,4,1
n04356056,837,824,1,1
n04356056,837,1651,2,1
n04366367,839,199,4,0
n04366367,839,212,3,1
n04366367,839,831,1,0
n04366367,839,1140,5,0
n04366367,839,1256,2,0
n04367480,840,388,3,1
n04367480,840,507,2,0
n04367480,840,851,5,0
n04367480,840,1143,4,0
n04367480,840,1177,1,0
n04371430,842,121,4,1
n04371430,842,1308,2,1
n04371430,842,1340,1,1
n04371430,842,1537,3,0
n04371430,842,2013,5,0
n04371774,843,992,1,0
n04371774,843,1434,3,0
n04371774,843,1472,4,1
n04371774,843,1660,5,1
n04371774,843,1692,2,1
n04417672,853,466,5,1
n04417672,853,611,1,0
n04417672,853,632,2,0
n04417672,853,809,3,0
n04417672,853,1742,4,0
n04428191,856,32,3,0
n04428191,856,330,1,0
n04428191,856,642,4,1
n04428191,856,1208,2,0
n04428191,856,1521,5,0
n04456115,862,755,5,1
n04456115,862,1135,1,1
n04456115,862,1642,4,0
n04456115,862,1853,2,1
n04456115,862,1986,3,1
n04467665,867,1134,5,0
n04467665,867,1135,2,0
n04467665,867,1210,4,0
n04467665,867,1211,1,0
n04467665,867,1656,3,1
n04482393,870,62,2,0
n04482393,870,348,1,0
n04482393,870,503,4,0
n04482393,870,757,5,0
n04482393,870,1472,3,1
n04486054,873,22,1,0
n04486054,873,208,3,0
n04486054,873,496,5,0
n04486054,873,1070,2,0
n04486054,873,1173,4,1
n04487081,874,392,2,0
n04487081,874,585,1,0
n04487081,874,1134,5,0
n04487081,874,1485,4,1
n04487081,874,1877,3,0
n04493381,876,46,3,1
n04493381,876,419,4,0
n04493381,876,592,2,0
n04493381,876,1308,1,1
n04493381,876,1934,5,0
n04509417,880,62,2,0
n04509417,880,348,1,0
n04509417,880,454,5,1
n04509417,880,1274,4,1
n04509417,880,1485,3,1
n04517823,882,486,3,0
n04517823,882,637,2,0
n04517823,882,752,5,0
n04517823,882,1291,4,1
n04517823,882,1510,1,0
n04523525,884,22,3,0
n04523525,884,164,1,0
n04523525,884,208,2,0
n04523525,884,209,5,1
n04523525,884,1919,4,0
n04540053,890,352,5,1
n04540053,890,839,1,1
n04540053,890,989,4,1
n04540053,890,1730,2,1
n04540053,890,1803,3,1
n04548362,893,674,3,0
n04548362,893,749,4,0
n04548362,893,1093,5,1
n04548362,893,1185,2,0
n04548362,893,1443,1,0
n04552348,895,314,1,0
n04552348,895,961,3,1
n04552348,895,1257,5,0
n04552348,895,1481,2,0
n04552348,895,1779,4,0
n04560804,899,355,5,0
n04560804,899,471,2,1
n04560804,899,1357,3,0
n04560804,899,1378,1,1
n04560804,899,1837,4,0
n04579432,902,403,1,0
n04579432,902,486,4,1
n04579432,902,833,3,1
n04579432,902,891,2,0
n04579432,902,1845,5,0
n04584207,903,108,3,1
n04584207,903,203,2,0
n04584207,903,333,4,0
n04584207,903,425,5,1
n04584207,903,1609,1,1
n04591157,906,250,1,0
n04591157,906,1108,2,0
n04591157,906,1179,5,1
n04591157,906,1242,3,0
n04591157,906,1471,4,0
n04592741,908,207,4,0
n04592741,908,548,5,1
n04592741,908,961,3,1
n04592741,908,1493,2,0
n04592741,908,1737,1,0
n04596742,909,9,4,0
n04596742,909,628,5,0
n04596742,909,650,1,0
n04596742,909,895,2,1
n04596742,909,2000,3,1
n04597913,910,107,2,0
n04597913,910,507,1,0
n04597913,910,895,3,1
n04597913,910,1680,5,0
n04597913,910,1920,4,0
n04604644,912,630,1,0
n04604644,912,811,4,0
n04604644,912,1036,2,0
n04604644,912,1050,5,1
n04604644,912,1752,3,0
n04606251,913,421,1,1
n04606251,913,491,2,1
n04606251,913,749,4,0
n04606251,913,1199,5,0
n04606251,913,1521,3,0
n04612504,914,89,1,0
n04612504,914,249,5,1
n04612504,914,305,2,0
n04612504,914,1329,3,0
n04612504,914,1536,4,0
n06874185,920,485,4,1
n06874185,920,687,1,0
n06874185,920,1026,5,1
n06874185,920,1066,3,0
n06874185,920,1575,2,0
n07579787,923,43,2,1
n07579787,923,419,1,0
n07579787,923,517,4,0
n07579787,923,807,5,0
n07579787,923,2025,3,1
n07584110,925,43,5,0
n07584110,925,98,1,0
n07584110,925,419,4,1
n07584110,925,895,2,0
n07584110,925,1296,3,0
n07614500,928,43,2,0
n07614500,928,307,5,0
n07614500,928,776,4,0
n07614500,928,807,1,0
n07614500,928,2025,3,1
n07615774,929,80,2,1
n07615774,929,108,3,1
n07615774,929,357,4,0
n07615774,929,1699,1,0
n07615774,929,1801,5,1
n07734744,947,115,3,0
n07734744,947,894,5,0
n07734744,947,1475,4,1
n07734744,947,1944,2,0
n07734744,947,2030,1,0
n07749582,951,68,1,1
n07749582,951,1345,2,1
n07749582,951,1397,4,0
n07749582,951,1574,5,0
n07749582,951,1979,3,0
n07753275,953,96,5,1
n07753275,953,139,2,0
n07753275,953,1090,3,0
n07753275,953,1097,1,0
n07753275,953,1345,4,0
n07753592,954,68,1,1
n07753592,954,1158,3,0
n07753592,954,1345,2,0
n07753592,954,1578,4,0
n07753592,954,1648,5,0
n07836838,960,43,5,0
n07836838,960,274,4,0
n07836838,960,419,3,1
n07836838,960,453,2,0
n07836838,960,807,1,0
n07871810,962,43,1,0
n07871810,962,74,4,0
n07871810,962,807,3,0
n07871810,962,826,2,0
n07871810,962,2025,5,1
n07892512,966,181,5,0
n07892512,966,618,4,0
n07892512,966,1232,3,1
n07892512,966,1357,2,0
n07892512,966,1741,1,0
n07920052,967,79,4,0
n07920052,967,98,1,0
n07920052,967,419,2,1
n07920052,967,1494,3,0
n07920052,967,1837,5,1
n07930864,968,98,1,0
n07930864,968,156,3,0
n07930864,968,633,5,0
n07930864,968,1020,4,0
n07930864,968,1837,2,1
n07932039,969,604,3,0
n07932039,969,776,1,0
n07932039,969,1105,5,0
n07932039,969,1357,4,1
n07932039,969,1663,2,0
n09193705,970,101,4,1
n09193705,970,389,2,0
n09193705,970,417,5,0
n09193705,970,1239,3,0
n09193705,970,1545,1,0
n09246464,972,199,1,0
n09246464,972,421,3,1
n09246464,972,1140,2,1
n09246464,972,1267,5,0
n09246464,972,1960,4,0
n09256479,973,214,5,0
n09256479,973,787,4,0
n09256479,973,981,1,0
n09256479,973,1753,2,1
n09256479,973,2011,3,0
n09288635,974,223,4,1
n09288635,974,261,3,0
n09288635,974,297,2,0
n09288635,974,548,5,0
n09288635,974,579,1,0
n09332890,975,76,3,1
n09332890,975,421,1,0
n09332890,975,516,2,1
n09332890,975,1239,4,0
n09332890,975,1959,5,0
n09399592,976,76,2,0
n09399592,976,199,4,0
n09399592,976,421,1,1
n09399592,976,1140,3,0
n09399592,976,1239,5,0
n09421951,977,214,2,1
n09421951,977,421,1,1
n09421951,977,491,3,1
n09421951,977,575,4,0
n09421951,977,961,5,1
n09428293,978,76,3,1
n09428293,978,214,2,0
n09428293,978,421,1,0
n09428293,978,491,4,1
n09428293,978,1239,5,0
n09472597,980,389,5,0
n09472597,980,554,3,0
n09472597,980,1239,4,1
n09472597,980,1368,2,0
n09472597,980,1545,1,0
n09835506,981,352,1,1
n09835506,981,1018,4,1
n09835506,981,1050,3,1
n09835506,981,1888,2,1
n09835506,981,1958,5,1
n10148035,982,1108,4,1
n10148035,982,1125,5,1
n10148035,982,1242,3,0
n10148035,982,1266,2,1
n10148035,982,1807,1,0
n10565667,983,491,3,1
n10565667,983,564,2,0
n10565667,983,981,1,1
n10565667,983,1174,5,1
n10565667,983,1697,4,1
n12267677,988,563,1,1
n12267677,988,732,5,0
n12267677,988,1120,4,1
n12267677,988,1390,3,1
n12267677,988,1787,2,0
n12985857,991,248,1,0
n12985857,991,1051,5,0
n12985857,991,1475,4,1
n12985857,991,1846,3,0
n12985857,991,1917,2,0
n12998815,992,115,2,0
n12998815,992,894,5,0
n12998815,992,1475,3,1
n12998815,992,1944,4,0
n12998815,992,2030,1,0
n13037406,993,115,5,0
n13037406,993,1189,1,0
n13037406,993,1383,4,0
n13037406,993,1475,3,1
n13037406,993,2045,2,0
n13040303,994,28,3,0
n13040303,994,115,1,0
n13040303,994,442,4,1
n13040303,994,886,5,0
n13040303,994,1475,2,0
n13044778,995,492,4,0
n13044778,995,602,3,0
n13044778,995,623,5,1
n13044778,995,859,2,0
n13044778,995,1475,1,1
n13052670,996,256,2,0
n13052670,996,442,4,1
n13052670,996,1373,3,0
n13052670,996,1475,5,1
n13052670,996,1846,1,0
n13054560,997,115,3,0
n13054560,997,1123,4,1
n13054560,997,1475,1,0
n13054560,997,1944,5,0
n13054560,997,2030,2,0
n15075141,999,1154,2,0
n15075141,999,1290,4,0
n15075141,999,1412,3,0
n15075141,999,1777,1,0
n15075141,999,1934,5,1
